Name;Latitude;Longitude;Allocated Demand
depot_5;34,808916;67,816629;79,39
depot_13;36,770699;69,531998;5487,717000000001
facil_3;36,43763907913834;68,92180455986836;5,1370000000000005
facil_4;35,42930574983834;68,25597122919837;3,269
facil_5;36,20930574671834;68,57930456123836;10,741
facil_11;36,03930574739834;69,00097122621837;10,741
facil_13;36,10597241379834;68,53097122809837;8,873000000000001
facil_15;35,83013908156834;68,81430456029837;8,873000000000001
facil_23;36,21930574667834;68,77513789378837;310,555
facil_25;35,90263908127834;68,48513789494837;5,1370000000000005
facil_39;36,34597241283834;68,81930456027837;36,893
facil_44;36,19180574678834;69,53347122408837;91,99900000000001
facil_54;36,36430574609834;68,88430456001836;23,35
facil_82;36,08763908053834;68,63597122767837;32,223
facil_90;35,94430574777834;68,71597122735837;107,41000000000001
facil_91;36,21180574670834;69,14180455898837;554,796
facil_94;36,23347241328834;68,55263789467837;15,878
facil_101;36,12680574704834;69,20180455874836;104,141
facil_103;36,11097241377834;68,67013789420837;13,076
facil_104;36,32347241292834;68,85763789345836;60,71
facil_111;35,89347241464834;68,59597122783836;4,203
facil_117;36,12097241373834;68,69180456078837;235,36800000000002
facil_118;35,96013908104834;68,56597122795837;10,274000000000001
facil_121;36,23763907993834;69,19680455876836;242,84
facil_129;35,82347241492834;68,50930456151836;2,335
facil_130;36,29180574638834;68,71013789404836;83,593
facil_133;35,83847241486834;68,86930456007836;1,401
facil_149;36,23430574661834;68,52847122810837;4,203
facil_155;35,99263908091834;68,67763789417836;53,238
facil_159;36,27680574644834;69,55763789065837;95,268
facil_164;36,28347241308834;68,80763789365837;552,461
facil_165;36,49847241222834;68,65430456093837;4,67
facil_176;36,08097241389834;69,11180455910836;25,685000000000002
facil_177;35,93763908113834;68,64930456095837;16,345
facil_182;36,14263908031834;68,72263789399837;162,049
facil_184;36,15097241361834;68,80263789367837;11,208
facil_196;35,93680574780834;68,60430456113836;8,873000000000001
facil_197;36,35263907947834;68,99180455958836;42,497
facil_199;36,259305746518336;68,65513789426836;9,34
facil_203;36,16430574689834;68,75513789386837;420,767
facil_210;35,59847241582834;68,52430456145837;0,934
facil_211;36,05680574732834;68,66013789424836;31,289
facil_212;36,21597241335834;69,26263789183837;91,99900000000001
facil_215;36,23180574662834;68,88513789334837;33,157000000000004
facil_223;36,36847241274834;68,73430456061837;54,172000000000004
facil_225;36,18180574682834;68,72097122733837;146,17100000000002
facil_255;36,15180574694834;69,10513789246836;190,06900000000002
facil_269;35,98097241429834;68,65430456093837;42,03
facil_279;36,29847241302834;69,12930455903836;467,467
facil_282;36,15013908028834;68,68430456081836;17,746
facil_283;36,03347241408834;68,76680456048837;2,335
facil_296;36,12680574704834;68,62430456105837;5,1370000000000005
facil_302;36,42930574583834;68,47930456163837;3,269
facil_315;36,22097241333834;68,91180455990836;9,807
facil_330;36,08513908054834;68,84930456015837;9,34
facil_332;36,32430574625834;68,58680456120837;5,1370000000000005
facil_334;36,02430574745834;68,58597122787836;43,898
facil_338;36,11513908042834;68,98180455962837;3,269
facil_339;36,04347241404834;69,10430455913837;24,751
facil_349;36,19763908009834;68,82597122691837;45,299
facil_351;36,50430574553834;68,34597122883837;10,274000000000001
facil_352;36,36680574608834;68,35763789545837;7,005
facil_355;36,22513907998834;68,98347122628837;7,472
facil_356;36,48847241226834;68,57430456125837;0,934
facil_358;36,43597241247834;68,71180456070837;1,401
facil_360;36,44013907912834;68,27597122911837;0,467
facil_362;36,30930574631834;68,42430456185836;0,934
facil_364;36,22430574665834;69,02430455945837;21,482
facil_366;35,58763908253834;68,80513789366836;3,269
facil_368;35,60763908245834;68,68763789413836;2,335
facil_369;35,77430574845834;68,77430456045836;1,868
facil_370;35,667639082218344;68,73013789396836;3,269
facil_374;36,10513908046834;69,50097122421836;3,7359999999999998
facil_375;35,88763908133834;69,07513789258837;0,467
facil_376;35,87680574804834;68,93180455982836;0,934
facil_377;35,55680574932834;69,42430455785836;7,005000000000001
facil_378;35,66263908223834;69,36930455807837;35,492000000000004
facil_379;35,56097241597834;69,43347122448837;7,939
facil_382;35,53930574939834;69,52180455746837;7,939
facil_383;35,65930574891834;69,75847122318837;1,401
facil_384;35,66263908223834;69,31597122495836;2,802
facil_385;35,71763908201834;69,41430455789836;2,335
facil_387;35,74430574857834;69,30347122500837;1,868
facil_388;35,70930574871834;69,22513789198837;0,934
facil_390;35,82347241492834;68,42847122850837;1,868
facil_391;35,70597241539834;68,65847122758836;0,467
facil_392;35,73680574860834;68,50847122818837;0,467
facil_393;35,87430574805834;68,39597122863836;1,868
facil_395;35,98513908094834;68,44930456175837;0,467
facil_396;36,40180574594834;69,05013789268837;3,736
facil_397;36,34513907950834;68,96763789301836;18,68
facil_399;36,11263908043834;69,15847122558837;14,01
facil_400;36,05597241399834;68,45013789508836;0,467
facil_402;36,31597241295834;69,01680455948836;8,873000000000001
facil_403;36,075972413918336;69,34180455818837;0,467
facil_404;36,36847241274834;69,03263789275837;9,34
facil_406;35,39763908329834;68,34513789550837;2,335
facil_408;35,48680574960834;68,28930456239837;0,934
facil_409;35,19430575077834;68,07430456325837;1,401
facil_411;36,36930574607834;68,32430456225836;1,401
facil_413;35,35347241680834;68,14513789630837;8,406
facil_415;35,38347241668834;68,22180456266837;9,34
facil_416;36,29680574636834;69,01597122615837;19,614
facil_419;35,71930574867834;68,59930456115836;1,868
facil_420;35,77930574843834;68,64930456095837;1,868
facil_421;35,78513908174834;69,36597122475837;0,934
facil_424;35,62347241572834;69,63347122368836;8,406
facil_425;35,61013908244834;69,55013789068836;16,812
facil_430;36,21847241334834;69,58347122388837;463,264
facil_431;35,78013908176834;68,68263789415836;0,934
facil_432;35,57180574926834;68,43680456180837;1,868
facil_434;35,59263908251834;68,62180456106836;0,467
facil_435;35,48930574959834;68,32930456223836;1,868
facil_437;35,77180574846834;68,90763789325837;1,401
facil_438;36,30180574634834;68,39097122865837;1,868
facil_440;36,51847241214834;68,56597122795837;0,934
facil_441;36,22597241331834;68,49930456155836;12,609
facil_442;36,25097241321834;68,99180455958836;8,873
facil_443;36,46847241234834;68,42013789520837;2,802
facil_444;36,26097241317834;68,40097122861836;7,005000000000001
facil_446;36,39430574597834;68,56597122795837;3,736
facil_447;36,34763907949834;68,63347122768836;4,67
facil_449;36,32597241291834;68,48513789494837;15,411000000000001
facil_450;36,43013907916834;68,62430456105837;1,868
facil_458;36,19180574678834;69,52430455745836;123,75500000000001
facil_460;35,95430574773834;69,04097122605836;1,401
facil_463;35,63347241568834;69,45847122438836;27,086000000000002
